{"schemaVersion":"1.0","appDefinitionTemplate":{"id":"/providers/Microsoft.PowerApps/apps/","type":"Microsoft.PowerApps/apps","tags":{"primaryDeviceWidth":"1366","primaryDeviceHeight":"768","sienaVersion":"20220228T183219Z-3.22021.33.0","deviceCapabilities":"","supportsPortrait":"false","supportsLandscape":"true","primaryFormFactor":"Tablet","publisherVersion":"3.22021.27","minimumRequiredApiVersion":"2.2.0","hasComponent":"false","hasUnlockedComponent":"false","isUnifiedRootApp":"false"},"properties":{"appVersion":"2024-09-06T13:33:59Z","lifeCycleId":"Published","createdByClientVersion":{"major":3,"minor":22021,"build":27,"revision":0,"majorRevision":0,"minorRevision":0},"minClientVersion":{"major":3,"minor":22021,"build":27,"revision":0,"majorRevision":0,"minorRevision":0},"backgroundColor":"rgba(165, 34, 55, 1)","backgroundImageUri":"/3708199698867844485/N48a6b80e-b970-4f80-86d2-63692f2096c6-N542098c5-ba16-4a09-b6e8-1bacac92573d-logoSmallFile","displayName":"WST","description":"Weekly Status Tracker","commitMessage":"Max 4000 rows working fine - ready for PROD","appUris":{"documentUri":{"value":"/3708199698867844485/Neaa72c80-f488-407e-8a97-874f2694d57e-N8a5f11e4-6d98-47de-beb7-c7bdf44194d0-document.msapp"},"imageUris":[],"additionalUris":[]},"createdTime":"0001-01-01T00:00:00Z","lastModifiedTime":"0001-01-01T00:00:00Z","sharedGroupsCount":0,"sharedUsersCount":0,"connectionReferences":{"ca71a6a8-8888-4aa3-aa3e-b54c9b2a83b6":{"id":"29038178-f4a3-419d-bd0a-e8c5c701bd17","displayName":"SharePoint","iconUri":"https://connectoricons-prod.azureedge.net/u/jayawan/releases/v1.0.1697/1.0.1697.3786/sharepointonline/icon.png","dataSources":["WST","TaskList","Initiatives","Weekend"],"dependencies":[],"dependents":[],"parameterHints":{},"parameterHintsV2":{},"isOnPremiseConnection":false,"bypassConsent":false,"dataSets":{"https://brighthousefinancial-my.sharepoint.com/personal/prem_dash_brighthousefinancial_com":{"dataSources":{"WST":{"tableName":"f87aac53-793f-4b5b-8507-d8221eebf38c"},"TaskList":{"tableName":"c9f9a048-2bbd-4082-b0da-4aafc33ef99a"},"Initiatives":{"tableName":"7136953d-1eba-4488-a956-0b075157804f"},"Weekend":{"tableName":"6688e0e7-e2ad-4da3-b47e-864444fb6eec"}}}},"apiTier":"Standard","isCustomApiConnection":false,"actions":["providers/PowerPlatform.Governance/Operations/Read"]},"bca0d604-b31a-4a4e-8ceb-dd4ea09ef324":{"id":"105de891-76ff-4679-b799-1741b5c85462","displayName":"Office 365 Outlook","iconUri":"https://connectoricons-prod.azureedge.net/releases/v1.0.1686/1.0.1686.3706/office365/icon.png","dataSources":["Office365Outlook"],"dependencies":[],"dependents":[],"parameterHints":{},"parameterHintsV2":{},"isOnPremiseConnection":false,"bypassConsent":false,"dataSets":{},"apiTier":"Standard","isCustomApiConnection":false}},"databaseReferences":{},"almMode":"Environment","performanceOptimizationEnabled":false,"canConsumeAppPass":true,"enableModernRuntimeMode":false,"executionRestrictions":{"isTeamsOnly":false,"dataLossPreventionEvaluationResult":{"status":"Compliant","lastEvaluationDate":"2021-12-20T18:06:26.0451182Z","violations":[],"violationsByPolicy":[],"violationErrorMessage":"The app uses the following connectors: shared_sharepointonline, shared_office365users."}}},"appType":"ClassicCanvasApp","appComponents":[]}}